<?xml version="1.0" encoding="UTF-8" standalone="yes"?>
    <addon id="repository.reapercrew" name="Reaper Crew" version="1.0.0" provider-name="Reaper Crew">
        <requires>
            <import addon="xbmc.addon" version="12.0.0"/>
        </requires>
        <extension point="xbmc.addon.repository" name="Reaper Crew Addon Repo">
        <dir>
            <info compressed="false">https://raw.githubusercontent.com/jenaddon/repository.jenrepo/master/zips/addons.xml</info>
            <checksum>https://raw.githubusercontent.com/jenaddon/repository.jenrepo/master/zips/addons.xml.md5</checksum>
            <datadir zip="true">https://raw.githubusercontent.com/jenaddon/repository.jenrepo/master/zips/</datadir>
            <hashes>false</hashes>
        </dir>
        <dir>
            <info compressed="false">https://raw.githubusercontent.com/teamuniversal/scrapers/master/_modules4all/zips/addons.xml</info>
            <checksum>https://raw.githubusercontent.com/teamuniversal/scrapers/master/_modules4all/zips/addons.xml.md5</checksum>
            <datadir zip="true">https://raw.githubusercontent.com/teamuniversal/scrapers/master/_modules4all/zips/</datadir>
        </dir>
        <dir>
            <info compressed="false">https://raw.githubusercontent.com/jsergio123/zips/master/addons.xml</info>
            <checksum>https://raw.githubusercontent.com/jsergio123/zips/master/addons.xml.md5</checksum>
            <datadir zip="true">https://raw.githubusercontent.com/jsergio123/zips/master/</datadir>
        </dir>
        <dir>
            <info compressed="false">https://raw.githubusercontent.com/totalrevolution/python-koding/master/zips/addons.xml</info>
            <checksum>https://raw.githubusercontent.com/totalrevolution/python-koding/master/zips/addons.xml.md5</checksum>
            <datadir zip="true">https://raw.githubusercontent.com/totalrevolution/python-koding/master/zips/</datadir>
        </dir>
		<dir>
            <info compressed="false">https://raw.githubusercontemt.com/Reapercrew666/reaper-crew/master/zips/addons.xml</info>
            <checksum>https://raw.githubusercontemt.com/Reapercrew666/reaper-crew/master/zips/addons.xml.md5</checksum>
            <datadir zip="true">https://raw.githubusercontemt.com/Reapercrew666/reaper-crew/master</datadir>
        </dir>
        </extension>
        <extension point="xbmc.addon.metadata">
            <summary>Official Repo For Jen Dependencies</summary>
            <description>Home of Reaper</description>
            <platform>all</platform>
            <genre>movies,usa</genre>
        </extension>
    </addon>